{
  "obesity_metrics": {
    "accuracy": 0.6242424242424243,
    "precision": 0.648,
    "recall": 0.6768802228412256,
    "f1": 0.662125340599455,
    "roc_auc": 0.6708649904218992,
    "n_test": 660
  },
  "joint_metrics": {
    "accuracy": 0.6454545454545455,
    "precision": 0.6406685236768802,
    "recall": 0.6865671641791045,
    "f1": 0.6628242074927954,
    "roc_auc": 0.6982686567164179,
    "n_test": 660
  },
  "heart_metrics": {
    "accuracy": 0.6227272727272727,
    "precision": 0.6230366492146597,
    "recall": 0.6938775510204082,
    "f1": 0.6565517241379311,
    "roc_auc": 0.6666911920243537,
    "n_test": 660
  }
}