{
  "life": {
    "mae": 0.8565203770537078,
    "rmse": 1.068929550638702,
    "r2": 0.7340843609174819,
    "n_test": 900
  },
  "activity": {
    "mae_play": 0.03245668042664336,
    "mae_walk": 0.03798573526139939,
    "rmse_play": 0.042990151436442116,
    "rmse_walk": 0.05005818325640084,
    "r2_play": 0.9990115244792181,
    "r2_walk": 0.9992300299350338,
    "n_test": 900
  }
}